1,"FIRSTNAME","SURNAME","first.last@example.com","Student","Perth","AU","2019-01-01 00:00:01","2019-04-08
09:35:21"
2,"Jacques","d`Carre","jacques.dcarre@example.com","Salesman","London","UK","2019-04-08 09:30:37","2019-04-08 09:45:37"
3,"Robyn","Banks","robyn.banks@example.com","Accountant","Bogotá","CO","2019-04-08 19:45:23","2019-04-08 09:45:27"
4,"Eileen","Dover","eileen.dover@example.com","Chief Executive Officer","Perth","AU","2019-04-08 20:22:57","2019-04-08 09:45:20"
5,"Ivana","Vin","ivana.vin@example.com","Coach","Kiev","UA","2019-04-08 09:44:27","2019-04-08 09:46:00"
6,"Sally","Mander","Sally.Mander@example.com","Stitcher, Tape-Controlled Machine","Norwalk",US,"27/07/1999 18:08:17","16/04/2004 16:04:59"
7,"Diane","Toluvia","Diane.Toluvia@example.com","Supervisor, Cardroom","Peddapalli",IN,"9/10/2000 11:59:55","3/01/2001 16:04:17"
8,"Reba","Dirtchee","Reba.Dirtchee@example.com","Music Engraver","Sao Francisco do Sul (São Francisco do Sul)",BR,"30/01/2001 18:08:54","30/01/2001 16:04:21"
9,"Dieter","Rhent","Dieter.Rhent@example.com","Drill-Press Operator, Acoustical Tile","Farmington Hills",US,"3/01/2002 17:17:12","24/04/2002 16:04:22"
10,"Katy","Didd","Katy.Didd@example.com","Molded-Parts Inspector","Garango",BF,"26/10/2002 18:08:00","26/10/2002 16:04:59"
11,"Carl","Breakdown","Carl.Breakdown@example.com","Filing-And-Polishing Supervisor","Conceicao do Araguaia (Conceição do Araguaia)",BR,"29/09/2007 18:08:54","29/09/2007 16:04:27"
12,"Al","Luminum","Al.Luminum@example.com","Ryazhsk","Bulk-Sealer Operator",RU,"16/01/1997 12:54:53","9/05/2001 16:24:22"
13,"Orson A.","Round","Orson.A.Round@example.com","Passenger Service Representative I","Ammi Moussa",DZ,"20/05/2003 14:08:05","13/02/2006 16:04:15"
14,"Phil","Graves","Phil.Graves@example.com","Arch-Support Technician","Las Torres de Cotillas",ES,"19/12/2001 16:08:01","19/12/2001 16:04:10"
15,"Dilbert","Pickles","Dilbert.Pickles@example.com","Air-Compressor Operator","Hitoyoshi",JP,"7/07/2003 19:08:23","7/07/2003 16:04:43"
16,"Cy","Yonarra","Cy.Yonarra@example.com","Pattern-Shop Supervisor","Bati (Batī)",ET,"5/08/2001 22:08:23","4/05/2006 16:04:33"
17,"Kent C.","Strait","Kent.C.Strait@example.com","Customs Inspector","Ipojuca",BR,"13/06/1996 08:08:26","17/07/1998 16:04:21"
18,"Maryann","Havkids","Maryann.Havkids@example.com","Diamond-Die Polisher","Bakersfield",US,"21/08/2004 01:08:59","29/03/2006 16:43:03"
19,"Candice E.","Ahmbizzy","Spring Coiler","Candice.E.Ahmbizzy@example.com","Valence",FR,"4/04/1996 00:00:00","27/12/2000 21:24:13"
20,"Chris","Coe","Chris.Coe@example.com","Identification Officer","Fort-de-France",MQ,"12/06/2003 18:08:41","18/05/2008 07:55:31"
21,"Anita","Mann","Anita.Mann@example.com","Taper, Machine","Nahiyat al Fuhud (Nāḩiyat al Fuhūd)",IQ,"24/07/2000 18:08:11","3/11/2004 23:23:14"